,Headline,Published_Date,Publisher
0,Lowering The Bar,2019-10-28 07:08:24,Seeking Alpha
1,Lumentum: Successfully Flying Through Tariff Headwinds,2019-10-28 06:42:30,Seeking Alpha
2,Genocea Biosciences Inc (GNCA) CEO Chip Clark on Q3 2019 Results Earnings Call - Transcript,2019-10-28 06:21:32,Seeking Alpha
3,Signify N.V. (PHPPY) CEO Eric Rondolat on Q3 2019 Results - Earnings Call Transcript,2019-10-28 06:20:09,Seeking Alpha
4,Eni: Positive FCF Despite Unfavorable Environment,2019-10-28 05:42:34,Seeking Alpha
5,Fortum Oyj (FOJCF) CEO Pekka Lundmark on Q3 2019 Results - Earnings Call Transcript,2019-10-28 05:35:08,Seeking Alpha
6,Ambev SA: Unexpected Drop In Brazil Beer Sales Shows Pricing Strategy Has Limits,2019-10-28 05:30:50,Seeking Alpha
7,"Carter's, Inc. (CRI) CEO Michael Casey on Q3 2019 Results - Earnings Call Transcript",2019-10-28 05:00:05,Seeking Alpha
8,3 Stocks Seeing Notable Insider Buying,2019-10-28 04:46:01,Seeking Alpha
9,Week 44 Breakout Forecast: Short-Term Picks To Give You An Edge,2019-10-28 04:37:06,Seeking Alpha
10,Brick & Mortar Are Killing OGI's Buzz,2019-10-28 04:37:00,Seeking Alpha
11,General Electric: Maintain A Watchful Eye,2019-10-28 04:21:05,Seeking Alpha
12,AMD: Bullish On Earnings,2019-10-28 04:08:20,Seeking Alpha
13,Yamana Gold: Not Much To Be Excited About,2019-10-28 03:47:10,Seeking Alpha
14,"The Easy VIX: It's Complex; That's Why It Gets Big Returns, Low Risk",2019-10-28 03:45:44,Seeking Alpha
15,A Macroeconomic Case For Gold Is Still Strong,2019-10-28 03:42:36,Seeking Alpha
16,Ford: S&P Downgrade The First Of Many To Come,2019-10-28 03:40:47,Seeking Alpha
17,"Jerónimo Martins, SGPS, S.A. (JRONF) Q3 2019 Results - Earnings Call Transcript",2019-10-28 03:39:04,Seeking Alpha
18,Canadian Dividend All-Stars Expected To Announce Dividend Increases - Week Of Oct. 28,2019-10-28 03:38:57,Seeking Alpha
19,"Chatham Lodging Boasts Of Class Leading Margins And RevPAR, But Concerns Persist",2019-10-28 03:37:57,Seeking Alpha
20,Daily Insider Ratings Round Up 10/24/19,2019-10-28 03:28:52,Seeking Alpha
21,"Old Second Bancorp, Inc. (OSBC) CEO James Eccher on Q3 2019 Results - Earnings Call Transcript",2019-10-28 03:13:08,Seeking Alpha
22,Novartis And LIK066/Licogliflozin In Obesity,2019-10-28 03:04:52,Seeking Alpha
23,"Gilead Sciences: Soft, Yet Solid Enough",2019-10-28 02:59:50,Seeking Alpha
24,XOP Investors Beware: U.S. Achieving 'Oil Independence',2019-10-28 02:43:02,Seeking Alpha
25,First Majestic Silver: Get Ready For A Huge Quarter,2019-10-28 02:36:59,Seeking Alpha
26,Konecranes Plc (KNCRF) Q3 2019 Results - Earnings Call Transcript,2019-10-28 02:31:16,Seeking Alpha
27,Brookfield Offers Growth In A Low-Growth World,2019-10-28 02:30:11,Seeking Alpha
28,The Protected Principal Retirement Portfolio: Preliminary Rebalancing,2019-10-28 02:10:57,Seeking Alpha
29,Beijing Enterprises Water Group: Yield And Growth For Investors Comfortable With Risks Involved,2019-10-28 01:27:13,Seeking Alpha
30,Lowering The Bar,2019-10-28 07:08:24,Seeking Alpha
31,Lumentum: Successfully Flying Through Tariff Headwinds,2019-10-28 06:42:30,Seeking Alpha
32,Genocea Biosciences Inc (GNCA) CEO Chip Clark on Q3 2019 Results Earnings Call - Transcript,2019-10-28 06:21:32,Seeking Alpha
33,Signify N.V. (PHPPY) CEO Eric Rondolat on Q3 2019 Results - Earnings Call Transcript,2019-10-28 06:20:09,Seeking Alpha
34,Eni: Positive FCF Despite Unfavorable Environment,2019-10-28 05:42:34,Seeking Alpha
35,Fortum Oyj (FOJCF) CEO Pekka Lundmark on Q3 2019 Results - Earnings Call Transcript,2019-10-28 05:35:08,Seeking Alpha
36,Ambev SA: Unexpected Drop In Brazil Beer Sales Shows Pricing Strategy Has Limits,2019-10-28 05:30:50,Seeking Alpha
37,"Carter's, Inc. (CRI) CEO Michael Casey on Q3 2019 Results - Earnings Call Transcript",2019-10-28 05:00:05,Seeking Alpha
38,3 Stocks Seeing Notable Insider Buying,2019-10-28 04:46:01,Seeking Alpha
39,Week 44 Breakout Forecast: Short-Term Picks To Give You An Edge,2019-10-28 04:37:06,Seeking Alpha
40,Brick & Mortar Are Killing OGI's Buzz,2019-10-28 04:37:00,Seeking Alpha
41,General Electric: Maintain A Watchful Eye,2019-10-28 04:21:05,Seeking Alpha
42,AMD: Bullish On Earnings,2019-10-28 04:08:20,Seeking Alpha
43,Yamana Gold: Not Much To Be Excited About,2019-10-28 03:47:10,Seeking Alpha
44,"The Easy VIX: It's Complex; That's Why It Gets Big Returns, Low Risk",2019-10-28 03:45:44,Seeking Alpha
45,A Macroeconomic Case For Gold Is Still Strong,2019-10-28 03:42:36,Seeking Alpha
46,Ford: S&P Downgrade The First Of Many To Come,2019-10-28 03:40:47,Seeking Alpha
47,"Jerónimo Martins, SGPS, S.A. (JRONF) Q3 2019 Results - Earnings Call Transcript",2019-10-28 03:39:04,Seeking Alpha
48,Canadian Dividend All-Stars Expected To Announce Dividend Increases - Week Of Oct. 28,2019-10-28 03:38:57,Seeking Alpha
49,"Chatham Lodging Boasts Of Class Leading Margins And RevPAR, But Concerns Persist",2019-10-28 03:37:57,Seeking Alpha
50,Daily Insider Ratings Round Up 10/24/19,2019-10-28 03:28:52,Seeking Alpha
51,"Old Second Bancorp, Inc. (OSBC) CEO James Eccher on Q3 2019 Results - Earnings Call Transcript",2019-10-28 03:13:08,Seeking Alpha
52,Novartis And LIK066/Licogliflozin In Obesity,2019-10-28 03:04:52,Seeking Alpha
53,"Gilead Sciences: Soft, Yet Solid Enough",2019-10-28 02:59:50,Seeking Alpha
54,XOP Investors Beware: U.S. Achieving 'Oil Independence',2019-10-28 02:43:02,Seeking Alpha
55,First Majestic Silver: Get Ready For A Huge Quarter,2019-10-28 02:36:59,Seeking Alpha
56,Konecranes Plc (KNCRF) Q3 2019 Results - Earnings Call Transcript,2019-10-28 02:31:16,Seeking Alpha
57,Brookfield Offers Growth In A Low-Growth World,2019-10-28 02:30:11,Seeking Alpha
58,The Protected Principal Retirement Portfolio: Preliminary Rebalancing,2019-10-28 02:10:57,Seeking Alpha
59,Beijing Enterprises Water Group: Yield And Growth For Investors Comfortable With Risks Involved,2019-10-28 01:27:13,Seeking Alpha
